MATCH_ID,MATCHMAKING_ATTEMPT_START_TIME_UTC,MATCHMAKING_DAY_OF_WEEK,PLAYER_ROLE,PARTY_SIZE,SERVER_NAME,PLATFORM,QUEUE_DURATION_IN_SECS,MATCHMAKING_OUTCOME,MMR_GROUP_DECILE
c4a3e702fd9848ba869df0b43e12c2b6,02:31:33,Tue,Killer,1,eu-central-1,egs,24,success,4
c4a3e702fd9848ba869df0b43e12c2b6,02:31:33,Tue,Survivor,4,eu-central-1,egs,24,success,4
c4a3e702fd9848ba869df0b43e12c2b6,02:31:33,Tue,Survivor,2,eu-central-1,egs,24,success,4
c4a3e702fd9848ba869df0b43e12c2b6,02:31:33,Tue,Survivor,2,eu-central-1,egs,24,success,4
c4a3e702fd9848ba869df0b43e12c2b6,02:31:33,Tue,Survivor,1,eu-central-1,egs,24,success,4
4be200e20d481b7d09e911041026122d,00:34:33,Mon,Killer,1,us-east-1,steam,16,success,3
4be200e20d481b7d09e911041026122d,00:34:33,Mon,Survivor,2,us-east-1,steam,16,success,3
4be200e20d481b7d09e911041026122d,00:34:33,Mon,Survivor,2,us-east-1,steam,16,success,3
4be200e20d481b7d09e911041026122d,00:34:33,Mon,Survivor,4,us-east-1,steam,16,success,3
4be200e20d481b7d09e911041026122d,00:34:33,Mon,Survivor,1,us-east-1,steam,16,success,3
632b62919264761a44eab2940ec28c85,23:31:33,Sun,Killer,1,eu-central-1,steam,60,success,1
632b62919264761a44eab2940ec28c85,23:31:33,Sun,Survivor,2,eu-central-1,steam,60,success,1
632b62919264761a44eab2940ec28c85,23:31:33,Sun,Survivor,2,eu-central-1,steam,60,success,1
632b62919264761a44eab2940ec28c85,23:31:33,Sun,Survivor,1,eu-central-1,steam,60,success,1
632b62919264761a44eab2940ec28c85,23:31:33,Sun,Survivor,4,eu-central-1,steam,60,success,1
ce54c6c1c6727234d13df644014d3b5b,15:40:33,Wed,Killer,1,us-east-1,ps5,9,success,2
ce54c6c1c6727234d13df644014d3b5b,15:40:33,Wed,Survivor,2,us-east-1,ps5,9,success,2
ce54c6c1c6727234d13df644014d3b5b,15:40:33,Wed,Survivor,1,us-east-1,ps5,9,success,2
ce54c6c1c6727234d13df644014d3b5b,15:40:33,Wed,Survivor,1,us-east-1,ps5,9,success,2
ce54c6c1c6727234d13df644014d3b5b,15:40:33,Wed,Survivor,2,us-east-1,ps5,9,player_cancelled,2
5aa791f8a0b651f0d82574837a6ea204,23:46:33,Tue,Killer,1,us-west-2,xsx,19,success,4
5aa791f8a0b651f0d82574837a6ea204,23:46:33,Tue,Survivor,2,us-west-2,xsx,19,success,4
5aa791f8a0b651f0d82574837a6ea204,23:46:33,Tue,Survivor,2,us-west-2,xsx,19,success,4
5aa791f8a0b651f0d82574837a6ea204,23:46:33,Tue,Survivor,3,us-west-2,xsx,19,success,4
5aa791f8a0b651f0d82574837a6ea204,23:46:33,Tue,Survivor,1,us-west-2,xsx,19,success,4
ae01f9707d8bb1d8e45a3bdc89d7c80f,18:54:33,Tue,Killer,1,eu-central-1,egs,16,success,8
ae01f9707d8bb1d8e45a3bdc89d7c80f,18:54:33,Tue,Survivor,1,eu-central-1,egs,16,success,8
ae01f9707d8bb1d8e45a3bdc89d7c80f,18:54:33,Tue,Survivor,1,eu-central-1,egs,16,success,8
ae01f9707d8bb1d8e45a3bdc89d7c80f,18:54:33,Tue,Survivor,2,eu-central-1,egs,16,success,8
ae01f9707d8bb1d8e45a3bdc89d7c80f,18:54:33,Tue,Survivor,3,eu-central-1,egs,16,success,8
67bf300a7dbce65d64d54a5e56027215,11:57:33,Thu,Killer,1,us-east-1,egs,6,success,3
67bf300a7dbce65d64d54a5e56027215,11:57:33,Thu,Survivor,3,us-east-1,egs,6,success,3
67bf300a7dbce65d64d54a5e56027215,11:57:33,Thu,Survivor,2,us-east-1,egs,6,success,3
67bf300a7dbce65d64d54a5e56027215,11:57:33,Thu,Survivor,3,us-east-1,egs,6,success,3
67bf300a7dbce65d64d54a5e56027215,11:57:33,Thu,Survivor,2,us-east-1,egs,6,success,3
95a241361f0472468af8db4edf0ab619,19:55:33,Mon,Killer,1,us-east-1,xsx,6,success,2
95a241361f0472468af8db4edf0ab619,19:55:33,Mon,Survivor,3,us-east-1,xsx,6,success,2
95a241361f0472468af8db4edf0ab619,19:55:33,Mon,Survivor,2,us-east-1,xsx,6,player_cancelled,2
95a241361f0472468af8db4edf0ab619,19:55:33,Mon,Survivor,2,us-east-1,xsx,6,success,2
95a241361f0472468af8db4edf0ab619,19:55:33,Mon,Survivor,3,us-east-1,xsx,6,success,2
e90f3d1aeac4b6f80e01acd771f93212,06:37:33,Sun,Killer,1,us-east-1,xsx,40,success,1
e90f3d1aeac4b6f80e01acd771f93212,06:37:33,Sun,Survivor,2,us-east-1,xsx,40,success,1
e90f3d1aeac4b6f80e01acd771f93212,06:37:33,Sun,Survivor,2,us-east-1,xsx,40,success,1
e90f3d1aeac4b6f80e01acd771f93212,06:37:33,Sun,Survivor,3,us-east-1,xsx,40,success,1
e90f3d1aeac4b6f80e01acd771f93212,06:37:33,Sun,Survivor,1,us-east-1,xsx,40,success,1
f8bf5acd7b3a4f782e03d69c38616880,13:41:33,Sun,Killer,1,eu-central-1,ps5,31,success,1
f8bf5acd7b3a4f782e03d69c38616880,13:41:33,Sun,Survivor,2,eu-central-1,ps5,31,player_cancelled,1
f8bf5acd7b3a4f782e03d69c38616880,13:41:33,Sun,Survivor,4,eu-central-1,ps5,31,success,1
f8bf5acd7b3a4f782e03d69c38616880,13:41:33,Sun,Survivor,1,eu-central-1,ps5,31,player_cancelled,1
f8bf5acd7b3a4f782e03d69c38616880,13:41:33,Sun,Survivor,1,eu-central-1,ps5,31,success,1
e7d089d7455f4b2d6aef246b421616d5,00:39:33,Sat,Killer,1,eu-central-1,steam,15,success,5
e7d089d7455f4b2d6aef246b421616d5,00:39:33,Sat,Survivor,4,eu-central-1,steam,15,success,5
e7d089d7455f4b2d6aef246b421616d5,00:39:33,Sat,Survivor,1,eu-central-1,steam,15,success,5
e7d089d7455f4b2d6aef246b421616d5,00:39:33,Sat,Survivor,2,eu-central-1,steam,15,success,5
e7d089d7455f4b2d6aef246b421616d5,00:39:33,Sat,Survivor,4,eu-central-1,steam,15,success,5
965202ca947b0faf103c3582506b23d2,22:28:33,Sun,Killer,1,us-east-1,egs,6,success,3
965202ca947b0faf103c3582506b23d2,22:28:33,Sun,Survivor,1,us-east-1,egs,6,success,3
965202ca947b0faf103c3582506b23d2,22:28:33,Sun,Survivor,4,us-east-1,egs,6,success,3
965202ca947b0faf103c3582506b23d2,22:28:33,Sun,Survivor,2,us-east-1,egs,6,success,3
965202ca947b0faf103c3582506b23d2,22:28:33,Sun,Survivor,1,us-east-1,egs,6,success,3
e489b17f4b92fbd404373f43e6bb951c,21:23:33,Sat,Killer,1,us-east-1,egs,9,success,6
e489b17f4b92fbd404373f43e6bb951c,21:23:33,Sat,Survivor,3,us-east-1,egs,9,success,6
e489b17f4b92fbd404373f43e6bb951c,21:23:33,Sat,Survivor,2,us-east-1,egs,9,success,6
e489b17f4b92fbd404373f43e6bb951c,21:23:33,Sat,Survivor,3,us-east-1,egs,9,success,6
e489b17f4b92fbd404373f43e6bb951c,21:23:33,Sat,Survivor,2,us-east-1,egs,9,success,6
6973043691f752f134c45607aceb2bad,13:08:33,Sat,Killer,1,us-west-2,ps5,38,success,10
6973043691f752f134c45607aceb2bad,13:08:33,Sat,Survivor,3,us-west-2,ps5,38,success,10
6973043691f752f134c45607aceb2bad,13:08:33,Sat,Survivor,2,us-west-2,ps5,38,success,10
6973043691f752f134c45607aceb2bad,13:08:33,Sat,Survivor,3,us-west-2,ps5,38,success,10
6973043691f752f134c45607aceb2bad,13:08:33,Sat,Survivor,1,us-west-2,ps5,38,success,10
18b6b6dcbefaa4a5ec7fcb691cbfd68c,01:24:33,Thu,Killer,1,us-east-1,steam,20,success,6
18b6b6dcbefaa4a5ec7fcb691cbfd68c,01:24:33,Thu,Survivor,2,us-east-1,steam,20,success,6
18b6b6dcbefaa4a5ec7fcb691cbfd68c,01:24:33,Thu,Survivor,1,us-east-1,steam,20,success,6
18b6b6dcbefaa4a5ec7fcb691cbfd68c,01:24:33,Thu,Survivor,4,us-east-1,steam,20,player_cancelled,6
18b6b6dcbefaa4a5ec7fcb691cbfd68c,01:24:33,Thu,Survivor,1,us-east-1,steam,20,success,6
240e76302cab19037a97888ffa645f84,16:48:33,Fri,Killer,1,us-east-1,xsx,43,success,10
240e76302cab19037a97888ffa645f84,16:48:33,Fri,Survivor,2,us-east-1,xsx,43,success,10
240e76302cab19037a97888ffa645f84,16:48:33,Fri,Survivor,3,us-east-1,xsx,43,success,10
240e76302cab19037a97888ffa645f84,16:48:33,Fri,Survivor,3,us-east-1,xsx,43,player_cancelled,10
240e76302cab19037a97888ffa645f84,16:48:33,Fri,Survivor,3,us-east-1,xsx,43,success,10
e0d3bbe7cdc6a0520eb50b7703a9c901,00:42:33,Thu,Killer,1,us-west-2,steam,52,success,10
e0d3bbe7cdc6a0520eb50b7703a9c901,00:42:33,Thu,Survivor,2,us-west-2,steam,52,success,10
e0d3bbe7cdc6a0520eb50b7703a9c901,00:42:33,Thu,Survivor,4,us-west-2,steam,52,success,10
e0d3bbe7cdc6a0520eb50b7703a9c901,00:42:33,Thu,Survivor,3,us-west-2,steam,52,success,10
e0d3bbe7cdc6a0520eb50b7703a9c901,00:42:33,Thu,Survivor,2,us-west-2,steam,52,success,10
a68cbcc3e73c188f4c7ade737c9f8e5a,03:14:33,Tue,Killer,1,us-east-1,egs,15,success,3
a68cbcc3e73c188f4c7ade737c9f8e5a,03:14:33,Tue,Survivor,3,us-east-1,egs,15,success,3
a68cbcc3e73c188f4c7ade737c9f8e5a,03:14:33,Tue,Survivor,3,us-east-1,egs,15,success,3
a68cbcc3e73c188f4c7ade737c9f8e5a,03:14:33,Tue,Survivor,3,us-east-1,egs,15,success,3
a68cbcc3e73c188f4c7ade737c9f8e5a,03:14:33,Tue,Survivor,3,us-east-1,egs,15,success,3
 5e98a5f7a8421a72f255096162c4918,04:36:33,Fri,Killer,1,us-west-2,egs,7,success,3
 5e98a5f7a8421a72f255096162c4918,04:36:33,Fri,Survivor,3,us-west-2,egs,7,success,3
 5e98a5f7a8421a72f255096162c4918,04:36:33,Fri,Survivor,4,us-west-2,egs,7,success,3
 5e98a5f7a8421a72f255096162c4918,04:36:33,Fri,Survivor,2,us-west-2,egs,7,success,3
 5e98a5f7a8421a72f255096162c4918,04:36:33,Fri,Survivor,4,us-west-2,egs,7,success,3
4f30e45d3c3305a9e7419c39ac0edeb1,06:57:33,Mon,Killer,1,eu-central-1,ps5,10,success,6
4f30e45d3c3305a9e7419c39ac0edeb1,06:57:33,Mon,Survivor,1,eu-central-1,ps5,10,success,6
4f30e45d3c3305a9e7419c39ac0edeb1,06:57:33,Mon,Survivor,1,eu-central-1,ps5,10,success,6
4f30e45d3c3305a9e7419c39ac0edeb1,06:57:33,Mon,Survivor,1,eu-central-1,ps5,10,success,6
4f30e45d3c3305a9e7419c39ac0edeb1,06:57:33,Mon,Survivor,2,eu-central-1,ps5,10,success,6
1fc3029b1a02d9ed1888d5764af85387,20:34:33,Sat,Killer,1,us-west-2,steam,10,success,4
1fc3029b1a02d9ed1888d5764af85387,20:34:33,Sat,Survivor,2,us-west-2,steam,10,success,4
1fc3029b1a02d9ed1888d5764af85387,20:34:33,Sat,Survivor,2,us-west-2,steam,10,success,4
1fc3029b1a02d9ed1888d5764af85387,20:34:33,Sat,Survivor,2,us-west-2,steam,10,success,4
1fc3029b1a02d9ed1888d5764af85387,20:34:33,Sat,Survivor,1,us-west-2,steam,10,success,4
9d68960cac325fc7fb7318c04c5de0f6,23:30:33,Thu,Killer,1,us-west-2,egs,8,success,4
9d68960cac325fc7fb7318c04c5de0f6,23:30:33,Thu,Survivor,4,us-west-2,egs,8,success,4
9d68960cac325fc7fb7318c04c5de0f6,23:30:33,Thu,Survivor,3,us-west-2,egs,8,success,4
9d68960cac325fc7fb7318c04c5de0f6,23:30:33,Thu,Survivor,3,us-west-2,egs,8,success,4
9d68960cac325fc7fb7318c04c5de0f6,23:30:33,Thu,Survivor,2,us-west-2,egs,8,success,4
a4fba78e3bdae698e19a42917830d140,20:20:33,Wed,Killer,1,us-west-2,egs,31,success,1
a4fba78e3bdae698e19a42917830d140,20:20:33,Wed,Survivor,4,us-west-2,egs,31,success,1
a4fba78e3bdae698e19a42917830d140,20:20:33,Wed,Survivor,1,us-west-2,egs,31,success,1
a4fba78e3bdae698e19a42917830d140,20:20:33,Wed,Survivor,4,us-west-2,egs,31,success,1
a4fba78e3bdae698e19a42917830d140,20:20:33,Wed,Survivor,2,us-west-2,egs,31,success,1
2bae33972acc558200e196c546242949,08:15:33,Thu,Killer,1,eu-central-1,egs,18,success,4
2bae33972acc558200e196c546242949,08:15:33,Thu,Survivor,1,eu-central-1,egs,18,success,4
2bae33972acc558200e196c546242949,08:15:33,Thu,Survivor,2,eu-central-1,egs,18,success,4
2bae33972acc558200e196c546242949,08:15:33,Thu,Survivor,2,eu-central-1,egs,18,success,4
2bae33972acc558200e196c546242949,08:15:33,Thu,Survivor,1,eu-central-1,egs,18,success,4
967ba3582a747068acd9d448d4b7466e,23:20:33,Fri,Killer,1,eu-central-1,xsx,9,success,2
967ba3582a747068acd9d448d4b7466e,23:20:33,Fri,Survivor,1,eu-central-1,xsx,9,success,2
967ba3582a747068acd9d448d4b7466e,23:20:33,Fri,Survivor,1,eu-central-1,xsx,9,success,2
967ba3582a747068acd9d448d4b7466e,23:20:33,Fri,Survivor,4,eu-central-1,xsx,9,success,2
967ba3582a747068acd9d448d4b7466e,23:20:33,Fri,Survivor,3,eu-central-1,xsx,9,success,2
bf6da3bd4e17aae3238d7d340222ed1d,20:06:33,Tue,Killer,1,eu-central-1,ps5,5,player_cancelled,4
bf6da3bd4e17aae3238d7d340222ed1d,20:06:33,Tue,Survivor,4,eu-central-1,ps5,5,success,4
bf6da3bd4e17aae3238d7d340222ed1d,20:06:33,Tue,Survivor,2,eu-central-1,ps5,5,success,4
bf6da3bd4e17aae3238d7d340222ed1d,20:06:33,Tue,Survivor,2,eu-central-1,ps5,5,success,4
bf6da3bd4e17aae3238d7d340222ed1d,20:06:33,Tue,Survivor,4,eu-central-1,ps5,5,success,4
a03d430e4e69b63540a3aaa6bcc92291,06:00:33,Sat,Killer,1,us-west-2,steam,54,player_cancelled,1
a03d430e4e69b63540a3aaa6bcc92291,06:00:33,Sat,Survivor,1,us-west-2,steam,54,success,1
a03d430e4e69b63540a3aaa6bcc92291,06:00:33,Sat,Survivor,1,us-west-2,steam,54,player_cancelled,1
a03d430e4e69b63540a3aaa6bcc92291,06:00:33,Sat,Survivor,3,us-west-2,steam,54,success,1
a03d430e4e69b63540a3aaa6bcc92291,06:00:33,Sat,Survivor,2,us-west-2,steam,54,player_cancelled,1
ec7cca129b77321b24e3032ca9e64ac2,05:15:33,Mon,Killer,1,us-west-2,xsx,5,success,6
ec7cca129b77321b24e3032ca9e64ac2,05:15:33,Mon,Survivor,4,us-west-2,xsx,5,success,6
ec7cca129b77321b24e3032ca9e64ac2,05:15:33,Mon,Survivor,3,us-west-2,xsx,5,success,6
ec7cca129b77321b24e3032ca9e64ac2,05:15:33,Mon,Survivor,2,us-west-2,xsx,5,success,6
ec7cca129b77321b24e3032ca9e64ac2,05:15:33,Mon,Survivor,4,us-west-2,xsx,5,player_cancelled,6
2176f1bd55c244524719e44f94d481b7,08:20:33,Fri,Killer,1,us-west-2,steam,24,success,6
2176f1bd55c244524719e44f94d481b7,08:20:33,Fri,Survivor,2,us-west-2,steam,24,success,6
2176f1bd55c244524719e44f94d481b7,08:20:33,Fri,Survivor,2,us-west-2,steam,24,success,6
2176f1bd55c244524719e44f94d481b7,08:20:33,Fri,Survivor,4,us-west-2,steam,24,success,6
2176f1bd55c244524719e44f94d481b7,08:20:33,Fri,Survivor,4,us-west-2,steam,24,success,6
3db241b020f45e27bfd4b917661c8028,08:21:33,Mon,Killer,1,us-west-2,ps5,14,success,3
3db241b020f45e27bfd4b917661c8028,08:21:33,Mon,Survivor,4,us-west-2,ps5,14,success,3
3db241b020f45e27bfd4b917661c8028,08:21:33,Mon,Survivor,2,us-west-2,ps5,14,success,3
3db241b020f45e27bfd4b917661c8028,08:21:33,Mon,Survivor,3,us-west-2,ps5,14,success,3
3db241b020f45e27bfd4b917661c8028,08:21:33,Mon,Survivor,2,us-west-2,ps5,14,success,3
c2541efdc41a2cbde171f9abac487444,02:18:33,Wed,Killer,1,us-west-2,egs,25,success,9
c2541efdc41a2cbde171f9abac487444,02:18:33,Wed,Survivor,2,us-west-2,egs,25,success,9
c2541efdc41a2cbde171f9abac487444,02:18:33,Wed,Survivor,3,us-west-2,egs,25,success,9
c2541efdc41a2cbde171f9abac487444,02:18:33,Wed,Survivor,3,us-west-2,egs,25,success,9
c2541efdc41a2cbde171f9abac487444,02:18:33,Wed,Survivor,3,us-west-2,egs,25,success,9
f1bab99d5e6356c13ace56fa34d05cdc,06:09:33,Mon,Killer,1,us-west-2,xsx,17,success,5
f1bab99d5e6356c13ace56fa34d05cdc,06:09:33,Mon,Survivor,3,us-west-2,xsx,17,success,5
f1bab99d5e6356c13ace56fa34d05cdc,06:09:33,Mon,Survivor,4,us-west-2,xsx,17,success,5
f1bab99d5e6356c13ace56fa34d05cdc,06:09:33,Mon,Survivor,1,us-west-2,xsx,17,success,5
f1bab99d5e6356c13ace56fa34d05cdc,06:09:33,Mon,Survivor,2,us-west-2,xsx,17,player_cancelled,5
df52865155dc1fcaf360eb8a7ca1be7b,18:31:33,Wed,Killer,1,us-east-1,xsx,16,player_cancelled,6
df52865155dc1fcaf360eb8a7ca1be7b,18:31:33,Wed,Survivor,2,us-east-1,xsx,16,success,6
df52865155dc1fcaf360eb8a7ca1be7b,18:31:33,Wed,Survivor,3,us-east-1,xsx,16,success,6
df52865155dc1fcaf360eb8a7ca1be7b,18:31:33,Wed,Survivor,1,us-east-1,xsx,16,success,6
df52865155dc1fcaf360eb8a7ca1be7b,18:31:33,Wed,Survivor,1,us-east-1,xsx,16,success,6
23e7d9bd1712e53ca3c52b595a3bde20,20:02:33,Tue,Killer,1,us-west-2,steam,20,success,9
23e7d9bd1712e53ca3c52b595a3bde20,20:02:33,Tue,Survivor,3,us-west-2,steam,20,success,9
23e7d9bd1712e53ca3c52b595a3bde20,20:02:33,Tue,Survivor,4,us-west-2,steam,20,success,9
23e7d9bd1712e53ca3c52b595a3bde20,20:02:33,Tue,Survivor,4,us-west-2,steam,20,success,9
23e7d9bd1712e53ca3c52b595a3bde20,20:02:33,Tue,Survivor,3,us-west-2,steam,20,success,9
5ebf7ef6ec303f4062f373a37a3606b1,17:49:33,Tue,Killer,1,us-west-2,egs,24,success,7
5ebf7ef6ec303f4062f373a37a3606b1,17:49:33,Tue,Survivor,1,us-west-2,egs,24,success,7
5ebf7ef6ec303f4062f373a37a3606b1,17:49:33,Tue,Survivor,3,us-west-2,egs,24,success,7
5ebf7ef6ec303f4062f373a37a3606b1,17:49:33,Tue,Survivor,4,us-west-2,egs,24,success,7
5ebf7ef6ec303f4062f373a37a3606b1,17:49:33,Tue,Survivor,2,us-west-2,egs,24,success,7
12654ee52f6de3299a3955c597860af5,10:39:33,Wed,Killer,1,eu-central-1,xsx,20,success,8
12654ee52f6de3299a3955c597860af5,10:39:33,Wed,Survivor,4,eu-central-1,xsx,20,success,8
12654ee52f6de3299a3955c597860af5,10:39:33,Wed,Survivor,1,eu-central-1,xsx,20,success,8
12654ee52f6de3299a3955c597860af5,10:39:33,Wed,Survivor,4,eu-central-1,xsx,20,success,8
12654ee52f6de3299a3955c597860af5,10:39:33,Wed,Survivor,3,eu-central-1,xsx,20,success,8
 d349f81c5143aae5c224ad29e5c52b1,04:57:33,Tue,Killer,1,us-east-1,ps5,10,player_cancelled,4
 d349f81c5143aae5c224ad29e5c52b1,04:57:33,Tue,Survivor,2,us-east-1,ps5,10,success,4
 d349f81c5143aae5c224ad29e5c52b1,04:57:33,Tue,Survivor,2,us-east-1,ps5,10,success,4
 d349f81c5143aae5c224ad29e5c52b1,04:57:33,Tue,Survivor,2,us-east-1,ps5,10,success,4
 d349f81c5143aae5c224ad29e5c52b1,04:57:33,Tue,Survivor,1,us-east-1,ps5,10,success,4
f9aba0ded4bfdb5858b0cae48a77d897,04:31:33,Thu,Killer,1,eu-central-1,xsx,42,success,1
f9aba0ded4bfdb5858b0cae48a77d897,04:31:33,Thu,Survivor,3,eu-central-1,xsx,42,success,1
f9aba0ded4bfdb5858b0cae48a77d897,04:31:33,Thu,Survivor,1,eu-central-1,xsx,42,success,1
f9aba0ded4bfdb5858b0cae48a77d897,04:31:33,Thu,Survivor,4,eu-central-1,xsx,42,success,1
f9aba0ded4bfdb5858b0cae48a77d897,04:31:33,Thu,Survivor,4,eu-central-1,xsx,42,success,1
d4ff80cdfdf9701186ef4cb4b601050a,01:01:33,Tue,Killer,1,us-east-1,egs,51,player_cancelled,1
d4ff80cdfdf9701186ef4cb4b601050a,01:01:33,Tue,Survivor,4,us-east-1,egs,51,success,1
d4ff80cdfdf9701186ef4cb4b601050a,01:01:33,Tue,Survivor,1,us-east-1,egs,51,success,1
d4ff80cdfdf9701186ef4cb4b601050a,01:01:33,Tue,Survivor,3,us-east-1,egs,51,success,1
d4ff80cdfdf9701186ef4cb4b601050a,01:01:33,Tue,Survivor,1,us-east-1,egs,51,success,1
3882912559edb8bb6561bd8190d1a948,06:24:33,Sun,Killer,1,eu-central-1,steam,6,success,2
3882912559edb8bb6561bd8190d1a948,06:24:33,Sun,Survivor,3,eu-central-1,steam,6,success,2
3882912559edb8bb6561bd8190d1a948,06:24:33,Sun,Survivor,1,eu-central-1,steam,6,success,2
3882912559edb8bb6561bd8190d1a948,06:24:33,Sun,Survivor,3,eu-central-1,steam,6,success,2
3882912559edb8bb6561bd8190d1a948,06:24:33,Sun,Survivor,3,eu-central-1,steam,6,success,2
586a469c97c57b4b8e03557ab09637c0,13:24:33,Fri,Killer,1,us-west-2,ps5,9,success,9
586a469c97c57b4b8e03557ab09637c0,13:24:33,Fri,Survivor,1,us-west-2,ps5,9,success,9
586a469c97c57b4b8e03557ab09637c0,13:24:33,Fri,Survivor,2,us-west-2,ps5,9,success,9
586a469c97c57b4b8e03557ab09637c0,13:24:33,Fri,Survivor,3,us-west-2,ps5,9,success,9
586a469c97c57b4b8e03557ab09637c0,13:24:33,Fri,Survivor,3,us-west-2,ps5,9,success,9
60dfb6dd32ea5ed6c75eabe9a22304ce,04:55:33,Sat,Killer,1,us-east-1,ps5,35,success,10
60dfb6dd32ea5ed6c75eabe9a22304ce,04:55:33,Sat,Survivor,3,us-east-1,ps5,35,success,10
60dfb6dd32ea5ed6c75eabe9a22304ce,04:55:33,Sat,Survivor,2,us-east-1,ps5,35,success,10
60dfb6dd32ea5ed6c75eabe9a22304ce,04:55:33,Sat,Survivor,1,us-east-1,ps5,35,success,10
60dfb6dd32ea5ed6c75eabe9a22304ce,04:55:33,Sat,Survivor,4,us-east-1,ps5,35,success,10
9e835d5712ab34c403620760639089c9,15:54:33,Sat,Killer,1,eu-central-1,steam,8,success,2
9e835d5712ab34c403620760639089c9,15:54:33,Sat,Survivor,2,eu-central-1,steam,8,success,2
9e835d5712ab34c403620760639089c9,15:54:33,Sat,Survivor,4,eu-central-1,steam,8,success,2
9e835d5712ab34c403620760639089c9,15:54:33,Sat,Survivor,2,eu-central-1,steam,8,player_cancelled,2
9e835d5712ab34c403620760639089c9,15:54:33,Sat,Survivor,2,eu-central-1,steam,8,success,2
db0d06bceb75ae279cb2fdd59aec1f89,11:29:33,Mon,Killer,1,eu-central-1,xsx,18,success,2
db0d06bceb75ae279cb2fdd59aec1f89,11:29:33,Mon,Survivor,2,eu-central-1,xsx,18,success,2
db0d06bceb75ae279cb2fdd59aec1f89,11:29:33,Mon,Survivor,3,eu-central-1,xsx,18,player_cancelled,2
db0d06bceb75ae279cb2fdd59aec1f89,11:29:33,Mon,Survivor,2,eu-central-1,xsx,18,player_cancelled,2
db0d06bceb75ae279cb2fdd59aec1f89,11:29:33,Mon,Survivor,4,eu-central-1,xsx,18,success,2
a93293c40dc5a5844aa997d73b202f9d,04:39:33,Thu,Killer,1,eu-central-1,steam,9,success,4
a93293c40dc5a5844aa997d73b202f9d,04:39:33,Thu,Survivor,1,eu-central-1,steam,9,success,4
a93293c40dc5a5844aa997d73b202f9d,04:39:33,Thu,Survivor,1,eu-central-1,steam,9,success,4
a93293c40dc5a5844aa997d73b202f9d,04:39:33,Thu,Survivor,4,eu-central-1,steam,9,player_cancelled,4
a93293c40dc5a5844aa997d73b202f9d,04:39:33,Thu,Survivor,3,eu-central-1,steam,9,success,4
d794484ea10fd263ed4e8c3bf3aafddc,13:38:33,Tue,Killer,1,eu-central-1,steam,68,success,1
d794484ea10fd263ed4e8c3bf3aafddc,13:38:33,Tue,Survivor,4,eu-central-1,steam,68,player_cancelled,1
d794484ea10fd263ed4e8c3bf3aafddc,13:38:33,Tue,Survivor,2,eu-central-1,steam,68,success,1
d794484ea10fd263ed4e8c3bf3aafddc,13:38:33,Tue,Survivor,2,eu-central-1,steam,68,success,1
d794484ea10fd263ed4e8c3bf3aafddc,13:38:33,Tue,Survivor,2,eu-central-1,steam,68,success,1
3f81aa27e87355e585433146913f8841,09:32:33,Fri,Killer,1,us-west-2,steam,6,success,3
3f81aa27e87355e585433146913f8841,09:32:33,Fri,Survivor,1,us-west-2,steam,6,success,3
3f81aa27e87355e585433146913f8841,09:32:33,Fri,Survivor,4,us-west-2,steam,6,success,3
3f81aa27e87355e585433146913f8841,09:32:33,Fri,Survivor,2,us-west-2,steam,6,success,3
3f81aa27e87355e585433146913f8841,09:32:33,Fri,Survivor,4,us-west-2,steam,6,success,3
2c7b818aee492292a95282a09ac9f0c1,12:15:33,Sun,Killer,1,us-west-2,ps5,6,success,5
2c7b818aee492292a95282a09ac9f0c1,12:15:33,Sun,Survivor,3,us-west-2,ps5,6,player_cancelled,5
2c7b818aee492292a95282a09ac9f0c1,12:15:33,Sun,Survivor,3,us-west-2,ps5,6,success,5
2c7b818aee492292a95282a09ac9f0c1,12:15:33,Sun,Survivor,3,us-west-2,ps5,6,success,5
2c7b818aee492292a95282a09ac9f0c1,12:15:33,Sun,Survivor,4,us-west-2,ps5,6,success,5
4e65cbc261ddb27187f4947c5770d811,03:41:33,Tue,Killer,1,us-east-1,steam,9,success,4
4e65cbc261ddb27187f4947c5770d811,03:41:33,Tue,Survivor,4,us-east-1,steam,9,success,4
4e65cbc261ddb27187f4947c5770d811,03:41:33,Tue,Survivor,2,us-east-1,steam,9,success,4
4e65cbc261ddb27187f4947c5770d811,03:41:33,Tue,Survivor,4,us-east-1,steam,9,success,4
4e65cbc261ddb27187f4947c5770d811,03:41:33,Tue,Survivor,3,us-east-1,steam,9,success,4
a25d2b7b8bc57d7f026f201c44e0dfc6,19:21:33,Fri,Killer,1,us-east-1,egs,55,success,10
a25d2b7b8bc57d7f026f201c44e0dfc6,19:21:33,Fri,Survivor,1,us-east-1,egs,55,success,10
a25d2b7b8bc57d7f026f201c44e0dfc6,19:21:33,Fri,Survivor,4,us-east-1,egs,55,success,10
a25d2b7b8bc57d7f026f201c44e0dfc6,19:21:33,Fri,Survivor,4,us-east-1,egs,55,success,10
a25d2b7b8bc57d7f026f201c44e0dfc6,19:21:33,Fri,Survivor,1,us-east-1,egs,55,success,10
213c49cf8818c7b091616ed61f54fa1c,05:56:33,Thu,Killer,1,us-west-2,steam,20,success,4
213c49cf8818c7b091616ed61f54fa1c,05:56:33,Thu,Survivor,1,us-west-2,steam,20,success,4
213c49cf8818c7b091616ed61f54fa1c,05:56:33,Thu,Survivor,2,us-west-2,steam,20,success,4
213c49cf8818c7b091616ed61f54fa1c,05:56:33,Thu,Survivor,4,us-west-2,steam,20,success,4
213c49cf8818c7b091616ed61f54fa1c,05:56:33,Thu,Survivor,1,us-west-2,steam,20,success,4
6543420ee34cdc7edeb390843d486117,06:57:33,Sat,Killer,1,us-west-2,egs,57,success,10
6543420ee34cdc7edeb390843d486117,06:57:33,Sat,Survivor,4,us-west-2,egs,57,player_cancelled,10
6543420ee34cdc7edeb390843d486117,06:57:33,Sat,Survivor,2,us-west-2,egs,57,success,10
6543420ee34cdc7edeb390843d486117,06:57:33,Sat,Survivor,2,us-west-2,egs,57,success,10
6543420ee34cdc7edeb390843d486117,06:57:33,Sat,Survivor,3,us-west-2,egs,57,success,10
e7fbe056ab46c398344b09fc2adba4b5,00:42:33,Thu,Killer,1,us-west-2,steam,58,success,1
e7fbe056ab46c398344b09fc2adba4b5,00:42:33,Thu,Survivor,1,us-west-2,steam,58,success,1
e7fbe056ab46c398344b09fc2adba4b5,00:42:33,Thu,Survivor,1,us-west-2,steam,58,success,1
e7fbe056ab46c398344b09fc2adba4b5,00:42:33,Thu,Survivor,4,us-west-2,steam,58,success,1
e7fbe056ab46c398344b09fc2adba4b5,00:42:33,Thu,Survivor,4,us-west-2,steam,58,success,1
 fdeddc1a3a0ab13731b775cc5e23d43,21:15:33,Sun,Killer,1,us-east-1,xsx,21,success,6
 fdeddc1a3a0ab13731b775cc5e23d43,21:15:33,Sun,Survivor,3,us-east-1,xsx,21,player_cancelled,6
 fdeddc1a3a0ab13731b775cc5e23d43,21:15:33,Sun,Survivor,4,us-east-1,xsx,21,success,6
 fdeddc1a3a0ab13731b775cc5e23d43,21:15:33,Sun,Survivor,1,us-east-1,xsx,21,success,6
 fdeddc1a3a0ab13731b775cc5e23d43,21:15:33,Sun,Survivor,1,us-east-1,xsx,21,player_cancelled,6
6eacc2976745e8069029680a07d3a7f8,23:04:33,Mon,Killer,1,eu-central-1,ps5,6,success,8
6eacc2976745e8069029680a07d3a7f8,23:04:33,Mon,Survivor,1,eu-central-1,ps5,6,success,8
6eacc2976745e8069029680a07d3a7f8,23:04:33,Mon,Survivor,2,eu-central-1,ps5,6,success,8
6eacc2976745e8069029680a07d3a7f8,23:04:33,Mon,Survivor,1,eu-central-1,ps5,6,success,8
6eacc2976745e8069029680a07d3a7f8,23:04:33,Mon,Survivor,2,eu-central-1,ps5,6,player_cancelled,8
395efc336acd450b8941957ae6ccd618,15:53:33,Wed,Killer,1,eu-central-1,xsx,25,player_cancelled,9
395efc336acd450b8941957ae6ccd618,15:53:33,Wed,Survivor,3,eu-central-1,xsx,25,success,9
395efc336acd450b8941957ae6ccd618,15:53:33,Wed,Survivor,2,eu-central-1,xsx,25,success,9
395efc336acd450b8941957ae6ccd618,15:53:33,Wed,Survivor,4,eu-central-1,xsx,25,success,9
395efc336acd450b8941957ae6ccd618,15:53:33,Wed,Survivor,3,eu-central-1,xsx,25,player_cancelled,9
e246cdbe117046bcf2494c7bc7cbfe8e,09:48:33,Tue,Killer,1,us-east-1,xsx,18,success,8
e246cdbe117046bcf2494c7bc7cbfe8e,09:48:33,Tue,Survivor,4,us-east-1,xsx,18,success,8
e246cdbe117046bcf2494c7bc7cbfe8e,09:48:33,Tue,Survivor,3,us-east-1,xsx,18,success,8
e246cdbe117046bcf2494c7bc7cbfe8e,09:48:33,Tue,Survivor,2,us-east-1,xsx,18,success,8
e246cdbe117046bcf2494c7bc7cbfe8e,09:48:33,Tue,Survivor,2,us-east-1,xsx,18,success,8
fee4e8c93735a177a522a4cd65f0e1ba,18:49:33,Thu,Killer,1,us-east-1,ps5,11,success,5
fee4e8c93735a177a522a4cd65f0e1ba,18:49:33,Thu,Survivor,1,us-east-1,ps5,11,success,5
fee4e8c93735a177a522a4cd65f0e1ba,18:49:33,Thu,Survivor,4,us-east-1,ps5,11,success,5
fee4e8c93735a177a522a4cd65f0e1ba,18:49:33,Thu,Survivor,4,us-east-1,ps5,11,success,5
fee4e8c93735a177a522a4cd65f0e1ba,18:49:33,Thu,Survivor,3,us-east-1,ps5,11,success,5
d590d83c7f20068f1879b906dea1df6b,06:54:33,Fri,Killer,1,us-east-1,egs,8,success,8
d590d83c7f20068f1879b906dea1df6b,06:54:33,Fri,Survivor,3,us-east-1,egs,8,success,8
d590d83c7f20068f1879b906dea1df6b,06:54:33,Fri,Survivor,3,us-east-1,egs,8,success,8
d590d83c7f20068f1879b906dea1df6b,06:54:33,Fri,Survivor,2,us-east-1,egs,8,success,8
d590d83c7f20068f1879b906dea1df6b,06:54:33,Fri,Survivor,1,us-east-1,egs,8,success,8
ce8a9d1cb81a7a6190f65a2f71619608,04:59:33,Wed,Killer,1,eu-central-1,egs,10,success,2
ce8a9d1cb81a7a6190f65a2f71619608,04:59:33,Wed,Survivor,2,eu-central-1,egs,10,success,2
ce8a9d1cb81a7a6190f65a2f71619608,04:59:33,Wed,Survivor,1,eu-central-1,egs,10,success,2
ce8a9d1cb81a7a6190f65a2f71619608,04:59:33,Wed,Survivor,4,eu-central-1,egs,10,success,2
ce8a9d1cb81a7a6190f65a2f71619608,04:59:33,Wed,Survivor,1,eu-central-1,egs,10,success,2
4aae51cc6b2ed9ada684bee37c985f4e,06:45:33,Fri,Killer,1,us-west-2,egs,11,success,4
4aae51cc6b2ed9ada684bee37c985f4e,06:45:33,Fri,Survivor,1,us-west-2,egs,11,success,4
4aae51cc6b2ed9ada684bee37c985f4e,06:45:33,Fri,Survivor,2,us-west-2,egs,11,success,4
4aae51cc6b2ed9ada684bee37c985f4e,06:45:33,Fri,Survivor,3,us-west-2,egs,11,success,4
4aae51cc6b2ed9ada684bee37c985f4e,06:45:33,Fri,Survivor,1,us-west-2,egs,11,success,4
cac27c2bc7e34fefa47ed46e67fd7acb,20:21:33,Thu,Killer,1,eu-central-1,xsx,12,success,7
cac27c2bc7e34fefa47ed46e67fd7acb,20:21:33,Thu,Survivor,4,eu-central-1,xsx,12,success,7
cac27c2bc7e34fefa47ed46e67fd7acb,20:21:33,Thu,Survivor,2,eu-central-1,xsx,12,success,7
cac27c2bc7e34fefa47ed46e67fd7acb,20:21:33,Thu,Survivor,2,eu-central-1,xsx,12,success,7
cac27c2bc7e34fefa47ed46e67fd7acb,20:21:33,Thu,Survivor,3,eu-central-1,xsx,12,success,7
cbdbadc7343d887138ec5542cbaeeba3,04:41:33,Sat,Killer,1,eu-central-1,egs,21,success,7
cbdbadc7343d887138ec5542cbaeeba3,04:41:33,Sat,Survivor,2,eu-central-1,egs,21,success,7
cbdbadc7343d887138ec5542cbaeeba3,04:41:33,Sat,Survivor,3,eu-central-1,egs,21,success,7
cbdbadc7343d887138ec5542cbaeeba3,04:41:33,Sat,Survivor,3,eu-central-1,egs,21,success,7
cbdbadc7343d887138ec5542cbaeeba3,04:41:33,Sat,Survivor,2,eu-central-1,egs,21,success,7
 84d0249484ac8ebca1cf949b13cce8c,05:07:33,Sun,Killer,1,us-east-1,xsx,13,success,5
 84d0249484ac8ebca1cf949b13cce8c,05:07:33,Sun,Survivor,4,us-east-1,xsx,13,success,5
 84d0249484ac8ebca1cf949b13cce8c,05:07:33,Sun,Survivor,2,us-east-1,xsx,13,success,5
 84d0249484ac8ebca1cf949b13cce8c,05:07:33,Sun,Survivor,3,us-east-1,xsx,13,success,5
 84d0249484ac8ebca1cf949b13cce8c,05:07:33,Sun,Survivor,1,us-east-1,xsx,13,success,5
99f3f020626fff8c23e21da0d2adfaa7,08:56:33,Wed,Killer,1,us-west-2,steam,21,player_cancelled,3
99f3f020626fff8c23e21da0d2adfaa7,08:56:33,Wed,Survivor,2,us-west-2,steam,21,success,3
99f3f020626fff8c23e21da0d2adfaa7,08:56:33,Wed,Survivor,4,us-west-2,steam,21,success,3
99f3f020626fff8c23e21da0d2adfaa7,08:56:33,Wed,Survivor,2,us-west-2,steam,21,success,3
99f3f020626fff8c23e21da0d2adfaa7,08:56:33,Wed,Survivor,2,us-west-2,steam,21,success,3
ba17bf0531b128272758c21956baa1eb,22:48:33,Mon,Killer,1,us-east-1,ps5,25,success,1
ba17bf0531b128272758c21956baa1eb,22:48:33,Mon,Survivor,1,us-east-1,ps5,25,success,1
ba17bf0531b128272758c21956baa1eb,22:48:33,Mon,Survivor,4,us-east-1,ps5,25,success,1
ba17bf0531b128272758c21956baa1eb,22:48:33,Mon,Survivor,4,us-east-1,ps5,25,success,1
ba17bf0531b128272758c21956baa1eb,22:48:33,Mon,Survivor,1,us-east-1,ps5,25,success,1
cb8ed348938a2f380b32b9034d055c39,05:36:33,Sun,Killer,1,us-east-1,egs,16,success,8
cb8ed348938a2f380b32b9034d055c39,05:36:33,Sun,Survivor,1,us-east-1,egs,16,success,8
cb8ed348938a2f380b32b9034d055c39,05:36:33,Sun,Survivor,2,us-east-1,egs,16,success,8
cb8ed348938a2f380b32b9034d055c39,05:36:33,Sun,Survivor,1,us-east-1,egs,16,success,8
cb8ed348938a2f380b32b9034d055c39,05:36:33,Sun,Survivor,1,us-east-1,egs,16,success,8
8c4ef73961ae892634f9fc5fbc84ee03,14:50:33,Sun,Killer,1,eu-central-1,egs,10,success,6
8c4ef73961ae892634f9fc5fbc84ee03,14:50:33,Sun,Survivor,3,eu-central-1,egs,10,success,6
8c4ef73961ae892634f9fc5fbc84ee03,14:50:33,Sun,Survivor,4,eu-central-1,egs,10,success,6
8c4ef73961ae892634f9fc5fbc84ee03,14:50:33,Sun,Survivor,2,eu-central-1,egs,10,success,6
8c4ef73961ae892634f9fc5fbc84ee03,14:50:33,Sun,Survivor,1,eu-central-1,egs,10,success,6
418db72787f40e7f1486bb18e901ee74,19:37:33,Fri,Killer,1,us-west-2,xsx,19,success,8
418db72787f40e7f1486bb18e901ee74,19:37:33,Fri,Survivor,2,us-west-2,xsx,19,success,8
418db72787f40e7f1486bb18e901ee74,19:37:33,Fri,Survivor,1,us-west-2,xsx,19,success,8
418db72787f40e7f1486bb18e901ee74,19:37:33,Fri,Survivor,1,us-west-2,xsx,19,success,8
418db72787f40e7f1486bb18e901ee74,19:37:33,Fri,Survivor,2,us-west-2,xsx,19,success,8
aabcd6a34988a3479a61b693513e66f5,13:39:33,Sat,Killer,1,us-east-1,xsx,21,success,3
aabcd6a34988a3479a61b693513e66f5,13:39:33,Sat,Survivor,4,us-east-1,xsx,21,success,3
aabcd6a34988a3479a61b693513e66f5,13:39:33,Sat,Survivor,3,us-east-1,xsx,21,success,3
aabcd6a34988a3479a61b693513e66f5,13:39:33,Sat,Survivor,1,us-east-1,xsx,21,success,3
aabcd6a34988a3479a61b693513e66f5,13:39:33,Sat,Survivor,2,us-east-1,xsx,21,success,3
98ab1a75efbc0aa9144e256d19af36e2,07:54:33,Fri,Killer,1,us-west-2,xsx,14,success,7
98ab1a75efbc0aa9144e256d19af36e2,07:54:33,Fri,Survivor,2,us-west-2,xsx,14,success,7
98ab1a75efbc0aa9144e256d19af36e2,07:54:33,Fri,Survivor,2,us-west-2,xsx,14,success,7
98ab1a75efbc0aa9144e256d19af36e2,07:54:33,Fri,Survivor,2,us-west-2,xsx,14,success,7
98ab1a75efbc0aa9144e256d19af36e2,07:54:33,Fri,Survivor,2,us-west-2,xsx,14,success,7
d3d3dde752f3e9a359dabbee7aad1608,16:09:33,Thu,Killer,1,eu-central-1,steam,16,success,5
d3d3dde752f3e9a359dabbee7aad1608,16:09:33,Thu,Survivor,1,eu-central-1,steam,16,success,5
d3d3dde752f3e9a359dabbee7aad1608,16:09:33,Thu,Survivor,4,eu-central-1,steam,16,success,5
d3d3dde752f3e9a359dabbee7aad1608,16:09:33,Thu,Survivor,1,eu-central-1,steam,16,success,5
d3d3dde752f3e9a359dabbee7aad1608,16:09:33,Thu,Survivor,3,eu-central-1,steam,16,success,5
c53fa065904089cb5daacc2812a00c57,18:01:33,Wed,Killer,1,eu-central-1,steam,6,success,5
c53fa065904089cb5daacc2812a00c57,18:01:33,Wed,Survivor,1,eu-central-1,steam,6,success,5
c53fa065904089cb5daacc2812a00c57,18:01:33,Wed,Survivor,4,eu-central-1,steam,6,success,5
c53fa065904089cb5daacc2812a00c57,18:01:33,Wed,Survivor,3,eu-central-1,steam,6,success,5
c53fa065904089cb5daacc2812a00c57,18:01:33,Wed,Survivor,2,eu-central-1,steam,6,success,5
a4b370f8c627710f95d79b33c4748ccf,02:39:33,Mon,Killer,1,us-west-2,egs,22,success,9
a4b370f8c627710f95d79b33c4748ccf,02:39:33,Mon,Survivor,4,us-west-2,egs,22,success,9
a4b370f8c627710f95d79b33c4748ccf,02:39:33,Mon,Survivor,1,us-west-2,egs,22,player_cancelled,9
a4b370f8c627710f95d79b33c4748ccf,02:39:33,Mon,Survivor,3,us-west-2,egs,22,success,9
a4b370f8c627710f95d79b33c4748ccf,02:39:33,Mon,Survivor,1,us-west-2,egs,22,success,9
 25400b3e868c34ff74474cc122b9b9f,06:28:33,Tue,Killer,1,us-east-1,steam,33,success,10
 25400b3e868c34ff74474cc122b9b9f,06:28:33,Tue,Survivor,1,us-east-1,steam,33,success,10
 25400b3e868c34ff74474cc122b9b9f,06:28:33,Tue,Survivor,3,us-east-1,steam,33,success,10
 25400b3e868c34ff74474cc122b9b9f,06:28:33,Tue,Survivor,2,us-east-1,steam,33,success,10
 25400b3e868c34ff74474cc122b9b9f,06:28:33,Tue,Survivor,1,us-east-1,steam,33,success,10
116ab4270ca78f25639eb8625dc91811,15:39:33,Wed,Killer,1,us-west-2,egs,24,player_cancelled,4
116ab4270ca78f25639eb8625dc91811,15:39:33,Wed,Survivor,2,us-west-2,egs,24,player_cancelled,4
116ab4270ca78f25639eb8625dc91811,15:39:33,Wed,Survivor,4,us-west-2,egs,24,success,4
116ab4270ca78f25639eb8625dc91811,15:39:33,Wed,Survivor,4,us-west-2,egs,24,player_cancelled,4
116ab4270ca78f25639eb8625dc91811,15:39:33,Wed,Survivor,2,us-west-2,egs,24,success,4
6d063cd9f4e789da3a0a33e2e6f7b7bf,00:21:33,Sun,Killer,1,us-west-2,xsx,21,success,3
6d063cd9f4e789da3a0a33e2e6f7b7bf,00:21:33,Sun,Survivor,3,us-west-2,xsx,21,player_cancelled,3
6d063cd9f4e789da3a0a33e2e6f7b7bf,00:21:33,Sun,Survivor,1,us-west-2,xsx,21,success,3
6d063cd9f4e789da3a0a33e2e6f7b7bf,00:21:33,Sun,Survivor,3,us-west-2,xsx,21,success,3
6d063cd9f4e789da3a0a33e2e6f7b7bf,00:21:33,Sun,Survivor,4,us-west-2,xsx,21,success,3
7f7056bc740afbc6a05ccdf01b889226,10:30:33,Sat,Killer,1,eu-central-1,xsx,24,player_cancelled,5
7f7056bc740afbc6a05ccdf01b889226,10:30:33,Sat,Survivor,2,eu-central-1,xsx,24,success,5
7f7056bc740afbc6a05ccdf01b889226,10:30:33,Sat,Survivor,2,eu-central-1,xsx,24,success,5
7f7056bc740afbc6a05ccdf01b889226,10:30:33,Sat,Survivor,2,eu-central-1,xsx,24,success,5
7f7056bc740afbc6a05ccdf01b889226,10:30:33,Sat,Survivor,1,eu-central-1,xsx,24,success,5
722f4e7844acba61d674539a3be75425,01:40:33,Wed,Killer,1,eu-central-1,egs,14,success,7
722f4e7844acba61d674539a3be75425,01:40:33,Wed,Survivor,2,eu-central-1,egs,14,success,7
722f4e7844acba61d674539a3be75425,01:40:33,Wed,Survivor,2,eu-central-1,egs,14,success,7
722f4e7844acba61d674539a3be75425,01:40:33,Wed,Survivor,3,eu-central-1,egs,14,player_cancelled,7
722f4e7844acba61d674539a3be75425,01:40:33,Wed,Survivor,2,eu-central-1,egs,14,success,7
a56a63b4a4386d01404d5fe8b5d393e9,14:40:33,Fri,Killer,1,us-west-2,ps5,47,success,10
a56a63b4a4386d01404d5fe8b5d393e9,14:40:33,Fri,Survivor,1,us-west-2,ps5,47,success,10
a56a63b4a4386d01404d5fe8b5d393e9,14:40:33,Fri,Survivor,2,us-west-2,ps5,47,success,10
a56a63b4a4386d01404d5fe8b5d393e9,14:40:33,Fri,Survivor,4,us-west-2,ps5,47,success,10
a56a63b4a4386d01404d5fe8b5d393e9,14:40:33,Fri,Survivor,2,us-west-2,ps5,47,success,10
d504a80ed46dce3a834e1aeceef92b75,12:52:33,Thu,Killer,1,us-east-1,ps5,65,success,10
d504a80ed46dce3a834e1aeceef92b75,12:52:33,Thu,Survivor,4,us-east-1,ps5,65,success,10
d504a80ed46dce3a834e1aeceef92b75,12:52:33,Thu,Survivor,3,us-east-1,ps5,65,success,10
d504a80ed46dce3a834e1aeceef92b75,12:52:33,Thu,Survivor,1,us-east-1,ps5,65,success,10
d504a80ed46dce3a834e1aeceef92b75,12:52:33,Thu,Survivor,4,us-east-1,ps5,65,success,10
6c28dfdc8bc62fd07feb9e63b44557a8,13:00:33,Mon,Killer,1,eu-central-1,steam,16,success,9
6c28dfdc8bc62fd07feb9e63b44557a8,13:00:33,Mon,Survivor,1,eu-central-1,steam,16,player_cancelled,9
6c28dfdc8bc62fd07feb9e63b44557a8,13:00:33,Mon,Survivor,2,eu-central-1,steam,16,success,9
6c28dfdc8bc62fd07feb9e63b44557a8,13:00:33,Mon,Survivor,2,eu-central-1,steam,16,success,9
6c28dfdc8bc62fd07feb9e63b44557a8,13:00:33,Mon,Survivor,3,eu-central-1,steam,16,success,9
5e3b90147debdfc771d44fc3b6827a7d,18:04:33,Mon,Killer,1,us-west-2,steam,8,success,9
5e3b90147debdfc771d44fc3b6827a7d,18:04:33,Mon,Survivor,2,us-west-2,steam,8,success,9
5e3b90147debdfc771d44fc3b6827a7d,18:04:33,Mon,Survivor,3,us-west-2,steam,8,success,9
5e3b90147debdfc771d44fc3b6827a7d,18:04:33,Mon,Survivor,1,us-west-2,steam,8,success,9
5e3b90147debdfc771d44fc3b6827a7d,18:04:33,Mon,Survivor,2,us-west-2,steam,8,success,9
ac10907181a273a6da5e11de0af854a3,08:00:33,Tue,Killer,1,us-west-2,xsx,12,player_cancelled,3
ac10907181a273a6da5e11de0af854a3,08:00:33,Tue,Survivor,1,us-west-2,xsx,12,success,3
ac10907181a273a6da5e11de0af854a3,08:00:33,Tue,Survivor,2,us-west-2,xsx,12,success,3
ac10907181a273a6da5e11de0af854a3,08:00:33,Tue,Survivor,1,us-west-2,xsx,12,success,3
ac10907181a273a6da5e11de0af854a3,08:00:33,Tue,Survivor,2,us-west-2,xsx,12,success,3
387581a1e903a46e70bfda9b9f8647fa,15:39:33,Mon,Killer,1,us-east-1,egs,56,success,10
387581a1e903a46e70bfda9b9f8647fa,15:39:33,Mon,Survivor,3,us-east-1,egs,56,success,10
387581a1e903a46e70bfda9b9f8647fa,15:39:33,Mon,Survivor,3,us-east-1,egs,56,success,10
387581a1e903a46e70bfda9b9f8647fa,15:39:33,Mon,Survivor,3,us-east-1,egs,56,success,10
387581a1e903a46e70bfda9b9f8647fa,15:39:33,Mon,Survivor,2,us-east-1,egs,56,success,10
cc02ef2409c9cf4969f0b6ade970fbd5,06:35:33,Tue,Killer,1,us-west-2,ps5,28,success,10
cc02ef2409c9cf4969f0b6ade970fbd5,06:35:33,Tue,Survivor,3,us-west-2,ps5,28,success,10
cc02ef2409c9cf4969f0b6ade970fbd5,06:35:33,Tue,Survivor,3,us-west-2,ps5,28,success,10
cc02ef2409c9cf4969f0b6ade970fbd5,06:35:33,Tue,Survivor,2,us-west-2,ps5,28,success,10
cc02ef2409c9cf4969f0b6ade970fbd5,06:35:33,Tue,Survivor,2,us-west-2,ps5,28,success,10
dd58bbf4dc9c09eb333886bc9a81abfb,01:22:33,Thu,Killer,1,eu-central-1,xsx,43,player_cancelled,10
dd58bbf4dc9c09eb333886bc9a81abfb,01:22:33,Thu,Survivor,1,eu-central-1,xsx,43,success,10
dd58bbf4dc9c09eb333886bc9a81abfb,01:22:33,Thu,Survivor,4,eu-central-1,xsx,43,success,10
dd58bbf4dc9c09eb333886bc9a81abfb,01:22:33,Thu,Survivor,4,eu-central-1,xsx,43,success,10
dd58bbf4dc9c09eb333886bc9a81abfb,01:22:33,Thu,Survivor,4,eu-central-1,xsx,43,success,10
aacb5e4f0f091d0dd1de1b2e2d3a0c67,23:51:33,Sat,Killer,1,us-east-1,xsx,34,success,1
aacb5e4f0f091d0dd1de1b2e2d3a0c67,23:51:33,Sat,Survivor,4,us-east-1,xsx,34,success,1
aacb5e4f0f091d0dd1de1b2e2d3a0c67,23:51:33,Sat,Survivor,4,us-east-1,xsx,34,success,1
aacb5e4f0f091d0dd1de1b2e2d3a0c67,23:51:33,Sat,Survivor,1,us-east-1,xsx,34,player_cancelled,1
aacb5e4f0f091d0dd1de1b2e2d3a0c67,23:51:33,Sat,Survivor,4,us-east-1,xsx,34,success,1
9ae7760cd3cb3e6e0593af4e6420a6db,17:20:33,Wed,Killer,1,eu-central-1,ps5,14,success,6
9ae7760cd3cb3e6e0593af4e6420a6db,17:20:33,Wed,Survivor,4,eu-central-1,ps5,14,player_cancelled,6
9ae7760cd3cb3e6e0593af4e6420a6db,17:20:33,Wed,Survivor,2,eu-central-1,ps5,14,success,6
9ae7760cd3cb3e6e0593af4e6420a6db,17:20:33,Wed,Survivor,3,eu-central-1,ps5,14,success,6
9ae7760cd3cb3e6e0593af4e6420a6db,17:20:33,Wed,Survivor,3,eu-central-1,ps5,14,success,6
f3b90179a1c45d9737ee23692c8e3f4a,04:40:33,Tue,Killer,1,eu-central-1,egs,8,success,6
f3b90179a1c45d9737ee23692c8e3f4a,04:40:33,Tue,Survivor,4,eu-central-1,egs,8,success,6
f3b90179a1c45d9737ee23692c8e3f4a,04:40:33,Tue,Survivor,1,eu-central-1,egs,8,success,6
f3b90179a1c45d9737ee23692c8e3f4a,04:40:33,Tue,Survivor,2,eu-central-1,egs,8,success,6
f3b90179a1c45d9737ee23692c8e3f4a,04:40:33,Tue,Survivor,3,eu-central-1,egs,8,success,6
 ef647170f504eba6de108d4954529bd,17:34:33,Sat,Killer,1,eu-central-1,egs,29,success,1
 ef647170f504eba6de108d4954529bd,17:34:33,Sat,Survivor,1,eu-central-1,egs,29,success,1
 ef647170f504eba6de108d4954529bd,17:34:33,Sat,Survivor,4,eu-central-1,egs,29,success,1
 ef647170f504eba6de108d4954529bd,17:34:33,Sat,Survivor,4,eu-central-1,egs,29,success,1
 ef647170f504eba6de108d4954529bd,17:34:33,Sat,Survivor,4,eu-central-1,egs,29,success,1
d2d57bcd9edf9492c6c9a1826ec84031,17:43:33,Tue,Killer,1,eu-central-1,xsx,64,success,1
d2d57bcd9edf9492c6c9a1826ec84031,17:43:33,Tue,Survivor,1,eu-central-1,xsx,64,success,1
d2d57bcd9edf9492c6c9a1826ec84031,17:43:33,Tue,Survivor,3,eu-central-1,xsx,64,success,1
d2d57bcd9edf9492c6c9a1826ec84031,17:43:33,Tue,Survivor,2,eu-central-1,xsx,64,success,1
d2d57bcd9edf9492c6c9a1826ec84031,17:43:33,Tue,Survivor,2,eu-central-1,xsx,64,success,1
ddbb311198d9670512babcb4b564e981,01:36:33,Wed,Killer,1,eu-central-1,ps5,19,success,7
ddbb311198d9670512babcb4b564e981,01:36:33,Wed,Survivor,2,eu-central-1,ps5,19,success,7
ddbb311198d9670512babcb4b564e981,01:36:33,Wed,Survivor,4,eu-central-1,ps5,19,player_cancelled,7
ddbb311198d9670512babcb4b564e981,01:36:33,Wed,Survivor,1,eu-central-1,ps5,19,success,7
ddbb311198d9670512babcb4b564e981,01:36:33,Wed,Survivor,4,eu-central-1,ps5,19,success,7
feb1ac2a10421aa64d8207a5623e78e0,17:23:33,Thu,Killer,1,eu-central-1,ps5,21,success,9
feb1ac2a10421aa64d8207a5623e78e0,17:23:33,Thu,Survivor,3,eu-central-1,ps5,21,success,9
feb1ac2a10421aa64d8207a5623e78e0,17:23:33,Thu,Survivor,3,eu-central-1,ps5,21,success,9
feb1ac2a10421aa64d8207a5623e78e0,17:23:33,Thu,Survivor,3,eu-central-1,ps5,21,success,9
feb1ac2a10421aa64d8207a5623e78e0,17:23:33,Thu,Survivor,3,eu-central-1,ps5,21,success,9
6f522ac08a2a4d1efb415e111a0d2cc5,19:34:33,Thu,Killer,1,eu-central-1,xsx,56,success,1
6f522ac08a2a4d1efb415e111a0d2cc5,19:34:33,Thu,Survivor,4,eu-central-1,xsx,56,success,1
6f522ac08a2a4d1efb415e111a0d2cc5,19:34:33,Thu,Survivor,4,eu-central-1,xsx,56,success,1
6f522ac08a2a4d1efb415e111a0d2cc5,19:34:33,Thu,Survivor,1,eu-central-1,xsx,56,success,1
6f522ac08a2a4d1efb415e111a0d2cc5,19:34:33,Thu,Survivor,3,eu-central-1,xsx,56,success,1
17c287f48ba50272b76c4d75d090214d,01:05:33,Tue,Killer,1,us-west-2,egs,40,success,1
17c287f48ba50272b76c4d75d090214d,01:05:33,Tue,Survivor,3,us-west-2,egs,40,success,1
17c287f48ba50272b76c4d75d090214d,01:05:33,Tue,Survivor,1,us-west-2,egs,40,success,1
17c287f48ba50272b76c4d75d090214d,01:05:33,Tue,Survivor,2,us-west-2,egs,40,success,1
17c287f48ba50272b76c4d75d090214d,01:05:33,Tue,Survivor,1,us-west-2,egs,40,success,1
173bb540ef1a60e74e1be7f592df69b9,05:35:33,Thu,Killer,1,eu-central-1,xsx,10,success,9
173bb540ef1a60e74e1be7f592df69b9,05:35:33,Thu,Survivor,4,eu-central-1,xsx,10,success,9
173bb540ef1a60e74e1be7f592df69b9,05:35:33,Thu,Survivor,4,eu-central-1,xsx,10,success,9
173bb540ef1a60e74e1be7f592df69b9,05:35:33,Thu,Survivor,3,eu-central-1,xsx,10,success,9
173bb540ef1a60e74e1be7f592df69b9,05:35:33,Thu,Survivor,4,eu-central-1,xsx,10,success,9
5e261102d654d7f4faa69c858293e306,17:54:33,Sat,Killer,1,us-east-1,steam,5,success,7
5e261102d654d7f4faa69c858293e306,17:54:33,Sat,Survivor,1,us-east-1,steam,5,success,7
5e261102d654d7f4faa69c858293e306,17:54:33,Sat,Survivor,2,us-east-1,steam,5,success,7
5e261102d654d7f4faa69c858293e306,17:54:33,Sat,Survivor,3,us-east-1,steam,5,success,7
5e261102d654d7f4faa69c858293e306,17:54:33,Sat,Survivor,2,us-east-1,steam,5,success,7
b13362a24cca2eb9f416c650b810eb88,11:43:33,Fri,Killer,1,us-west-2,egs,9,player_cancelled,7
b13362a24cca2eb9f416c650b810eb88,11:43:33,Fri,Survivor,4,us-west-2,egs,9,success,7
b13362a24cca2eb9f416c650b810eb88,11:43:33,Fri,Survivor,3,us-west-2,egs,9,success,7
b13362a24cca2eb9f416c650b810eb88,11:43:33,Fri,Survivor,2,us-west-2,egs,9,success,7
b13362a24cca2eb9f416c650b810eb88,11:43:33,Fri,Survivor,4,us-west-2,egs,9,success,7
17072282abf87e4bbf7c5ce035a24b12,17:39:33,Fri,Killer,1,us-east-1,steam,56,success,10
17072282abf87e4bbf7c5ce035a24b12,17:39:33,Fri,Survivor,2,us-east-1,steam,56,success,10
17072282abf87e4bbf7c5ce035a24b12,17:39:33,Fri,Survivor,1,us-east-1,steam,56,player_cancelled,10
17072282abf87e4bbf7c5ce035a24b12,17:39:33,Fri,Survivor,3,us-east-1,steam,56,success,10
17072282abf87e4bbf7c5ce035a24b12,17:39:33,Fri,Survivor,3,us-east-1,steam,56,success,10
77fb04ba29fb609a44e9ca896cb317eb,23:28:33,Sun,Killer,1,eu-central-1,steam,33,success,2
77fb04ba29fb609a44e9ca896cb317eb,23:28:33,Sun,Survivor,1,eu-central-1,steam,33,player_cancelled,2
77fb04ba29fb609a44e9ca896cb317eb,23:28:33,Sun,Survivor,3,eu-central-1,steam,33,success,2
77fb04ba29fb609a44e9ca896cb317eb,23:28:33,Sun,Survivor,1,eu-central-1,steam,33,player_cancelled,2
77fb04ba29fb609a44e9ca896cb317eb,23:28:33,Sun,Survivor,2,eu-central-1,steam,33,player_cancelled,2
77fb04ba29fb609a44e9ca896cb317eb,23:28:33,Sun,Survivor,2,eu-central-1,steam,33,player_cancelled,2
77fb04ba29fb609a44e9ca896cb317eb,23:28:33,Sun,Survivor,4,eu-central-1,steam,33,success,2
94444d40ebfad26dc84fe833f08b03d3,22:59:33,Sun,Killer,1,us-east-1,steam,52,success,1
94444d40ebfad26dc84fe833f08b03d3,22:59:33,Sun,Survivor,2,us-east-1,steam,52,player_cancelled,1
94444d40ebfad26dc84fe833f08b03d3,22:59:33,Sun,Survivor,1,us-east-1,steam,52,player_cancelled,1
94444d40ebfad26dc84fe833f08b03d3,22:59:33,Sun,Survivor,4,us-east-1,steam,52,player_cancelled,1
94444d40ebfad26dc84fe833f08b03d3,22:59:33,Sun,Survivor,2,us-east-1,steam,52,player_cancelled,1
94444d40ebfad26dc84fe833f08b03d3,22:59:33,Sun,Survivor,3,us-east-1,steam,52,player_cancelled,1
94444d40ebfad26dc84fe833f08b03d3,22:59:33,Sun,Survivor,4,us-east-1,steam,52,player_cancelled,1
8ce6a34b9598d78ba6da397396dc2fa0,23:31:33,Sun,Killer,1,us-west-2,xsx,44,success,5
8ce6a34b9598d78ba6da397396dc2fa0,23:31:33,Sun,Survivor,3,us-west-2,xsx,44,success,5
8ce6a34b9598d78ba6da397396dc2fa0,23:31:33,Sun,Survivor,3,us-west-2,xsx,44,success,5
8ce6a34b9598d78ba6da397396dc2fa0,23:31:33,Sun,Survivor,3,us-west-2,xsx,44,success,5
8ce6a34b9598d78ba6da397396dc2fa0,23:31:33,Sun,Survivor,3,us-west-2,xsx,44,success,5
8ce6a34b9598d78ba6da397396dc2fa0,23:31:33,Sun,Survivor,3,us-west-2,xsx,44,success,5
e141554def1ba643abaa6a4d50dec012,23:27:33,Sun,Killer,1,eu-central-1,egs,45,success,3
e141554def1ba643abaa6a4d50dec012,23:27:33,Sun,Survivor,4,eu-central-1,egs,45,success,3
e141554def1ba643abaa6a4d50dec012,23:27:33,Sun,Survivor,4,eu-central-1,egs,45,success,3
e141554def1ba643abaa6a4d50dec012,23:27:33,Sun,Survivor,4,eu-central-1,egs,45,player_cancelled,3
e141554def1ba643abaa6a4d50dec012,23:27:33,Sun,Survivor,3,eu-central-1,egs,45,player_cancelled,3
e141554def1ba643abaa6a4d50dec012,23:27:33,Sun,Survivor,3,eu-central-1,egs,45,success,3
c44bd40617ccb52ebbb1968cb01e9e47,23:07:33,Sun,Killer,1,us-west-2,egs,54,success,6
c44bd40617ccb52ebbb1968cb01e9e47,23:07:33,Sun,Survivor,2,us-west-2,egs,54,success,6
c44bd40617ccb52ebbb1968cb01e9e47,23:07:33,Sun,Survivor,2,us-west-2,egs,54,player_cancelled,6
c44bd40617ccb52ebbb1968cb01e9e47,23:07:33,Sun,Survivor,2,us-west-2,egs,54,success,6
c44bd40617ccb52ebbb1968cb01e9e47,23:07:33,Sun,Survivor,2,us-west-2,egs,54,player_cancelled,6
c44bd40617ccb52ebbb1968cb01e9e47,23:07:33,Sun,Survivor,4,us-west-2,egs,54,success,6
c44bd40617ccb52ebbb1968cb01e9e47,23:07:33,Sun,Survivor,2,us-west-2,egs,54,success,6
f73e0e7ee64ee7673bd45457561e49a2,19:25:33,Sun,Killer,1,eu-central-1,egs,40,success,4
f73e0e7ee64ee7673bd45457561e49a2,19:25:33,Sun,Survivor,3,eu-central-1,egs,40,success,4
f73e0e7ee64ee7673bd45457561e49a2,19:25:33,Sun,Survivor,4,eu-central-1,egs,40,success,4
f73e0e7ee64ee7673bd45457561e49a2,19:25:33,Sun,Survivor,4,eu-central-1,egs,40,success,4
f73e0e7ee64ee7673bd45457561e49a2,19:25:33,Sun,Survivor,3,eu-central-1,egs,40,success,4
f73e0e7ee64ee7673bd45457561e49a2,19:25:33,Sun,Survivor,3,eu-central-1,egs,40,success,4
f73e0e7ee64ee7673bd45457561e49a2,19:25:33,Sun,Survivor,4,eu-central-1,egs,40,success,4
53b0301454426b611f2afdea9ad77103,19:00:33,Sun,Killer,1,us-west-2,steam,46,success,6
53b0301454426b611f2afdea9ad77103,19:00:33,Sun,Survivor,3,us-west-2,steam,46,success,6
53b0301454426b611f2afdea9ad77103,19:00:33,Sun,Survivor,1,us-west-2,steam,46,player_cancelled,6
53b0301454426b611f2afdea9ad77103,19:00:33,Sun,Survivor,1,us-west-2,steam,46,success,6
53b0301454426b611f2afdea9ad77103,19:00:33,Sun,Survivor,1,us-west-2,steam,46,success,6
53b0301454426b611f2afdea9ad77103,19:00:33,Sun,Survivor,2,us-west-2,steam,46,success,6
53b0301454426b611f2afdea9ad77103,19:00:33,Sun,Survivor,4,us-west-2,steam,46,success,6
edaf59d9d056d026439be4489344a704,20:22:33,Sun,Killer,1,us-east-1,steam,44,success,7
edaf59d9d056d026439be4489344a704,20:22:33,Sun,Survivor,1,us-east-1,steam,44,player_cancelled,7
edaf59d9d056d026439be4489344a704,20:22:33,Sun,Survivor,2,us-east-1,steam,44,success,7
edaf59d9d056d026439be4489344a704,20:22:33,Sun,Survivor,1,us-east-1,steam,44,player_cancelled,7
edaf59d9d056d026439be4489344a704,20:22:33,Sun,Survivor,1,us-east-1,steam,44,player_cancelled,7
edaf59d9d056d026439be4489344a704,20:22:33,Sun,Survivor,2,us-east-1,steam,44,success,7
b60c30123677310c484101b45ea05d13,20:14:33,Sun,Killer,1,us-west-2,ps5,28,success,9
b60c30123677310c484101b45ea05d13,20:14:33,Sun,Survivor,3,us-west-2,ps5,28,player_cancelled,9
b60c30123677310c484101b45ea05d13,20:14:33,Sun,Survivor,3,us-west-2,ps5,28,success,9
b60c30123677310c484101b45ea05d13,20:14:33,Sun,Survivor,4,us-west-2,ps5,28,player_cancelled,9
b60c30123677310c484101b45ea05d13,20:14:33,Sun,Survivor,2,us-west-2,ps5,28,success,9
b60c30123677310c484101b45ea05d13,20:14:33,Sun,Survivor,4,us-west-2,ps5,28,success,9
b60c30123677310c484101b45ea05d13,20:14:33,Sun,Survivor,4,us-west-2,ps5,28,success,9
3bd61da36e5944b843f51ffe7e72ed9f,21:25:33,Sun,Killer,1,us-east-1,egs,47,success,3
3bd61da36e5944b843f51ffe7e72ed9f,21:25:33,Sun,Survivor,1,us-east-1,egs,47,success,3
3bd61da36e5944b843f51ffe7e72ed9f,21:25:33,Sun,Survivor,3,us-east-1,egs,47,player_cancelled,3
3bd61da36e5944b843f51ffe7e72ed9f,21:25:33,Sun,Survivor,4,us-east-1,egs,47,player_cancelled,3
3bd61da36e5944b843f51ffe7e72ed9f,21:25:33,Sun,Survivor,4,us-east-1,egs,47,success,3
3bd61da36e5944b843f51ffe7e72ed9f,21:25:33,Sun,Survivor,4,us-east-1,egs,47,player_cancelled,3
3bd61da36e5944b843f51ffe7e72ed9f,21:25:33,Sun,Survivor,4,us-east-1,egs,47,player_cancelled,3
3bd61da36e5944b843f51ffe7e72ed9f,21:25:33,Sun,Survivor,1,us-east-1,egs,47,player_cancelled,3
d91b6efa922b85d7701fb86a5f57003c,21:33:33,Wed,Killer,1,eu-central-1,steam,27,success,9
d91b6efa922b85d7701fb86a5f57003c,21:33:33,Wed,Killer,1,eu-central-1,steam,27,success,9
d91b6efa922b85d7701fb86a5f57003c,21:33:33,Wed,Killer,1,eu-central-1,steam,27,success,9
d91b6efa922b85d7701fb86a5f57003c,21:33:33,Wed,Survivor,4,eu-central-1,steam,27,success,9
d91b6efa922b85d7701fb86a5f57003c,21:33:33,Wed,Survivor,1,eu-central-1,steam,27,success,9
d91b6efa922b85d7701fb86a5f57003c,21:33:33,Wed,Survivor,4,eu-central-1,steam,27,success,9
d91b6efa922b85d7701fb86a5f57003c,21:33:33,Wed,Survivor,3,eu-central-1,steam,27,success,9
c4e36ce7850c154f94704e0434f022f3,21:39:33,Wed,Killer,1,us-east-1,xsx,43,success,2
c4e36ce7850c154f94704e0434f022f3,21:39:33,Wed,Killer,1,us-east-1,xsx,43,success,2
c4e36ce7850c154f94704e0434f022f3,21:39:33,Wed,Killer,1,us-east-1,xsx,43,player_cancelled,2
c4e36ce7850c154f94704e0434f022f3,21:39:33,Wed,Killer,1,us-east-1,xsx,43,success,2
c4e36ce7850c154f94704e0434f022f3,21:39:33,Wed,Survivor,1,us-east-1,xsx,43,success,2
c4e36ce7850c154f94704e0434f022f3,21:39:33,Wed,Survivor,1,us-east-1,xsx,43,success,2
c4e36ce7850c154f94704e0434f022f3,21:39:33,Wed,Survivor,2,us-east-1,xsx,43,success,2
c4e36ce7850c154f94704e0434f022f3,21:39:33,Wed,Survivor,4,us-east-1,xsx,43,success,2
50fbd2a8982e5e856aca24d5a3ad0220,22:27:33,Wed,Killer,1,eu-central-1,ps5,50,player_cancelled,2
50fbd2a8982e5e856aca24d5a3ad0220,22:27:33,Wed,Killer,1,eu-central-1,ps5,50,success,2
50fbd2a8982e5e856aca24d5a3ad0220,22:27:33,Wed,Survivor,3,eu-central-1,ps5,50,success,2
50fbd2a8982e5e856aca24d5a3ad0220,22:27:33,Wed,Survivor,3,eu-central-1,ps5,50,success,2
50fbd2a8982e5e856aca24d5a3ad0220,22:27:33,Wed,Survivor,2,eu-central-1,ps5,50,success,2
50fbd2a8982e5e856aca24d5a3ad0220,22:27:33,Wed,Survivor,1,eu-central-1,ps5,50,success,2
adf824688ea80cec506fee620e705d35,21:12:33,Wed,Killer,1,us-west-2,steam,29,player_cancelled,8
adf824688ea80cec506fee620e705d35,21:12:33,Wed,Killer,1,us-west-2,steam,29,success,8
adf824688ea80cec506fee620e705d35,21:12:33,Wed,Survivor,2,us-west-2,steam,29,success,8
adf824688ea80cec506fee620e705d35,21:12:33,Wed,Survivor,4,us-west-2,steam,29,success,8
adf824688ea80cec506fee620e705d35,21:12:33,Wed,Survivor,2,us-west-2,steam,29,success,8
adf824688ea80cec506fee620e705d35,21:12:33,Wed,Survivor,1,us-west-2,steam,29,success,8
293ee6629ff6aea447588ccb6b54b713,22:34:33,Wed,Killer,1,us-east-1,xsx,49,success,1
293ee6629ff6aea447588ccb6b54b713,22:34:33,Wed,Killer,1,us-east-1,xsx,49,success,1
293ee6629ff6aea447588ccb6b54b713,22:34:33,Wed,Killer,1,us-east-1,xsx,49,player_cancelled,1
293ee6629ff6aea447588ccb6b54b713,22:34:33,Wed,Survivor,3,us-east-1,xsx,49,success,1
293ee6629ff6aea447588ccb6b54b713,22:34:33,Wed,Survivor,1,us-east-1,xsx,49,success,1
293ee6629ff6aea447588ccb6b54b713,22:34:33,Wed,Survivor,1,us-east-1,xsx,49,success,1
293ee6629ff6aea447588ccb6b54b713,22:34:33,Wed,Survivor,2,us-east-1,xsx,49,success,1
d5f9083f20d94b73545bcbf9c047df54,21:23:33,Wed,Killer,1,us-east-1,ps5,54,player_cancelled,8
d5f9083f20d94b73545bcbf9c047df54,21:23:33,Wed,Killer,1,us-east-1,ps5,54,player_cancelled,8
d5f9083f20d94b73545bcbf9c047df54,21:23:33,Wed,Killer,1,us-east-1,ps5,54,success,8
d5f9083f20d94b73545bcbf9c047df54,21:23:33,Wed,Killer,1,us-east-1,ps5,54,success,8
d5f9083f20d94b73545bcbf9c047df54,21:23:33,Wed,Survivor,4,us-east-1,ps5,54,success,8
d5f9083f20d94b73545bcbf9c047df54,21:23:33,Wed,Survivor,3,us-east-1,ps5,54,success,8
d5f9083f20d94b73545bcbf9c047df54,21:23:33,Wed,Survivor,1,us-east-1,ps5,54,success,8
d5f9083f20d94b73545bcbf9c047df54,21:23:33,Wed,Survivor,4,us-east-1,ps5,54,success,8
cbb3455e722dcbd065040ab934d9c7b9,19:16:33,Wed,Killer,1,eu-central-1,ps5,49,success,1
cbb3455e722dcbd065040ab934d9c7b9,19:16:33,Wed,Killer,1,eu-central-1,ps5,49,success,1
cbb3455e722dcbd065040ab934d9c7b9,19:16:33,Wed,Killer,1,eu-central-1,ps5,49,success,1
cbb3455e722dcbd065040ab934d9c7b9,19:16:33,Wed,Survivor,1,eu-central-1,ps5,49,success,1
cbb3455e722dcbd065040ab934d9c7b9,19:16:33,Wed,Survivor,1,eu-central-1,ps5,49,success,1
cbb3455e722dcbd065040ab934d9c7b9,19:16:33,Wed,Survivor,1,eu-central-1,ps5,49,success,1
cbb3455e722dcbd065040ab934d9c7b9,19:16:33,Wed,Survivor,2,eu-central-1,ps5,49,success,1
884baad05fbc74966b00c8113e9d66a1,23:29:33,Wed,Killer,1,eu-central-1,xsx,25,success,8
884baad05fbc74966b00c8113e9d66a1,23:29:33,Wed,Killer,1,eu-central-1,xsx,25,player_cancelled,8
884baad05fbc74966b00c8113e9d66a1,23:29:33,Wed,Killer,1,eu-central-1,xsx,25,success,8
884baad05fbc74966b00c8113e9d66a1,23:29:33,Wed,Killer,1,eu-central-1,xsx,25,player_cancelled,8
884baad05fbc74966b00c8113e9d66a1,23:29:33,Wed,Survivor,3,eu-central-1,xsx,25,success,8
884baad05fbc74966b00c8113e9d66a1,23:29:33,Wed,Survivor,3,eu-central-1,xsx,25,success,8
884baad05fbc74966b00c8113e9d66a1,23:29:33,Wed,Survivor,3,eu-central-1,xsx,25,success,8
884baad05fbc74966b00c8113e9d66a1,23:29:33,Wed,Survivor,1,eu-central-1,xsx,25,success,8
9088c54e4270516d0d6df580a2de523d,20:54:33,Wed,Killer,1,us-east-1,xsx,33,player_cancelled,5
9088c54e4270516d0d6df580a2de523d,20:54:33,Wed,Killer,1,us-east-1,xsx,33,success,5
9088c54e4270516d0d6df580a2de523d,20:54:33,Wed,Survivor,4,us-east-1,xsx,33,success,5
9088c54e4270516d0d6df580a2de523d,20:54:33,Wed,Survivor,2,us-east-1,xsx,33,success,5
9088c54e4270516d0d6df580a2de523d,20:54:33,Wed,Survivor,4,us-east-1,xsx,33,success,5
9088c54e4270516d0d6df580a2de523d,20:54:33,Wed,Survivor,2,us-east-1,xsx,33,success,5
5e3694c444a18994ab3ae626c922b1b6,20:10:33,Wed,Killer,1,us-west-2,xsx,51,success,1
5e3694c444a18994ab3ae626c922b1b6,20:10:33,Wed,Killer,1,us-west-2,xsx,51,success,1
5e3694c444a18994ab3ae626c922b1b6,20:10:33,Wed,Survivor,2,us-west-2,xsx,51,success,1
5e3694c444a18994ab3ae626c922b1b6,20:10:33,Wed,Survivor,4,us-west-2,xsx,51,success,1
5e3694c444a18994ab3ae626c922b1b6,20:10:33,Wed,Survivor,4,us-west-2,xsx,51,success,1
5e3694c444a18994ab3ae626c922b1b6,20:10:33,Wed,Survivor,2,us-west-2,xsx,51,success,1
